{
  "_fv": 47,
  "_type": "item",
  "definition": {
    "renderType": 0,
    "texture": "blankstaff_texture",
    "customModelName": "Normal",
    "customProperties": {},
    "states": [],
    "name": "Blankstaff",
    "rarity": "COMMON",
    "creativeTab": {
      "value": "TOOLS"
    },
    "stackSize": 64,
    "enchantability": 0,
    "useDuration": 0,
    "toolType": 1.0,
    "damageCount": 0,
    "recipeRemainder": {
      "value": ""
    },
    "destroyAnyBlock": false,
    "immuneToFire": false,
    "stayInGridWhenCrafting": false,
    "damageOnCrafting": false,
    "enableMeleeDamage": true,
    "damageVsEntity": 5.0,
    "specialInfo": [
      "各属性に派生するための中間素材"
    ],
    "hasGlow": false,
    "guiBoundTo": "<NONE>",
    "inventorySize": 9,
    "inventoryStackSize": 64,
    "isFood": false,
    "nutritionalValue": 4,
    "saturation": 0.3,
    "eatResultItem": {
      "value": ""
    },
    "isMeat": false,
    "isAlwaysEdible": false,
    "animation": "none"
  }
}