{
  "_fv": 47,
  "_type": "tool",
  "definition": {
    "toolType": "Sword",
    "renderType": 0,
    "texture": "rain_rod",
    "customModelName": "Normal",
    "name": "Rain Rod",
    "specialInfo": [],
    "creativeTab": {
      "value": "COMBAT"
    },
    "harvestLevel": 1,
    "efficiency": 4.0,
    "attackSpeed": 1.0,
    "enchantability": 2,
    "damageVsEntity": 4.0,
    "usageCount": 100,
    "blocksAffected": [],
    "hasGlow": false,
    "repairItems": [],
    "immuneToFire": false,
    "stayInGridWhenCrafting": false,
    "damageOnCrafting": false,
    "onRightClickedInAir": {
      "name": "RainRodRightclicked"
    }
  }
}